André Willik Valenti,4
Giovanni Bassi,131
Guilherme Siquinelli,5
William Grasel,15
Ana Salamoni,2
Izabela Oliveira,2
Thais Martins,2
Vinicio Alves,9
Carolina Felix,2
Deyse Delamura,3
Igor Quintaes,4
Robson Amorim,14
Fernando Okuma,31
Patrícia Kost,6
Sarah Barros,12
Vanda Ferreira dos Santos,5
Alexandre Klaser,1
Lara Rejane,2
Olívia Janequine,3
Victor Hugo Germano,33
Camila Alves,12
Juan Barata,3
Ahirton Lopes,15
Vitor Sobral,3
Bianca Paiva,4
Jonatan Crespo,2
Louize Bueno,2
Nathalia Carneiro,1
Nayane Falcão,2
Rafaela Bezerra,1
Daniel Antonio,1
Matheus Vidal Grunewald,1
Diogo Silva,2
Gláucio Dias,1
Rennan Oliveira,1
Luiza Dezotti,2
Matheus Germano,1
Lucas Mendes,9
Pedro Teixeira,1
Rafaela Cassiano,1
Bianca Ximenes,3
Filipe Dornelas,1
Ahirton Lopes = @ahirton,1
Rodrigo Oliveira,3
Lucas Teles,61
Pedro Fernandes,3
Victor Cavalcante,40
Juliana Ruiz,1
Silvia Pereira,1
Rose Batista,1
Sara Silva,2
Tamires Borges,2
André Torres,1
Carlos Possa,1
Vanessa Valle,1
Carlos dos Santos,1
Igor Abade,4
Juliana Cabral,1
Mauricio Hoff,1
Tatiane Berrocal,3
André Corrêa,1
Juliane Pires,1
Tamires Silveira,2
Olivia Janequine,2
Francisco Júnior,1
Louize Moura,1
Raphael Donaire Albino,1
Rogério Anselmo,3
Alvaro Camillo Neto,2
Dr. Charles Costa,1
Felipe Teodoro,1
Paulo Vasconcellos,1
André Correa,1
Carolina Carvalhal,1
Juliano Rocha,1
Vinicius Caridá,1
Pedro Okuma,1
Karoline Silva,2
Larissa Santana,1
Rodrigo Bittencourt,2
André Valenti,9
Lucas Bertin,5
Jaqueline Venturim,10
Renata Medeiros,8
Vítor Norton,12
Glaucia Lemos,2
Lucas Santos,1
Thaíssa Candella,1
Bruno Cartaxo,1
Maurício Aniche,1
Victor Hugo Germando,1
Gabs Ferreira,1
Jaque Venturim,3
Emilly Gimeniz,5
Robson Amorin,4
Thainá Ribeiro,1
Victor Oliveira,1
Andreza Lima,1
Luan Castro,2
Bruno Rocha,2
Eduardo de Oliveira,1
Paulo Fernando Vieira Junior,3
Patricia Kost,12
Filipe Dornellas,1
"
Luiza Prata",1
Vanda Ferreira,5
Vitor Norton,4
"
Camila Alves",1
"
Fernando Okuma",1
"
Vinicius Felisberto",1
"
Cristian Anterio",1
"
Igor Couto",1
"
Jonathan",1
Roberta Pontes,1
Laura Brandt,1
Lari Mariano,1
Fabíola,1
Caio Oliveira,3
Higor Rozan,6
Cami martins,1
Fernanda Wanderley,1
Mariana Pezarini,1
Iana Chan,1
Rodrigo Pereira,2
Anna Letícia Kawakami,1
Luciana Eloi,2
Bruno Ranieri,7
Fabiola Pugliezi,1
Letícia Pedroso,1
Lucas Oliva,2
Pedro Castilho,1
Persival Ballesté,1
Renato Groff,1
Ana Lu,1
Gaya,1
Rô Vicente,1
Thomas,1
Fabio Damasceno,9
Letticia Nicolli,1
Emmanuel Brandão,15
Caluã Eloi,1
Camila Nashimoto,1
Luiza Prata,5
Myrella Olivia,1
Rafaela Saori,1
João Fernando Rebello,1
Nickolas Gomes,4
Renato Paixão,7
Anderson Vasconcelos,3
Paulo Fernando,3
Vanny,1
Juliana Alves,1
Rafael Marques,10
João Brito,1
Rafael Gomes,1
Mayla Valenti,1
Allan Rodrigues,1
Jadyson Gomes,1
Cyntia Santos,1
Andreza Rocha,2
Digo Ribeiro,1
Fausto Vanin,1
Janaina Silva,1
Camila Stenico,6
Américo Neto,2
Fábio Damasceno,11
Joasimonson Araújo,2
William Porto,10
Mahmoud Ali,23
Letticia Nicoli,7
Thamirys Gameiro,1
Jonathan Muniz,2
Iara Albertoni,9
Jo araujo,1
Vitor Spadacio,13
Barbara Oliveira,2
Tamires Parra,2
Elemar Junior,1
Grazi Bozini,1
Thaise Medeiros,1
Thiago Barradas,1
Luiz Lula Rodrigues,2
Angélica Canuto,2
Lucas Frois,1
Lucas Silva,3
André Luiz,2
Alana Rodrigues,3
Bárbara de Oliveira,1
Cláudio Silva,1
Fernando Ferraz,1
Rafal Marques,1
Cláudio Silva (Soldado),1
Tamires Thisbe,1
Nickolas Kotaka Gomes,1
Jalf,1
Marcelo de barros,1
Adriano Sudario,1
Paulo Silveira,2
Luana Penedo,1
Rafael Delboni,5
Chico Berrocal,1
Victor Hugo,5
"

Elemar Jr.",1
Elemar Jr.,8
Grazi Bonizi,10
Rubens Koji Miura,7
Lucas JS,2
Andre Valenti,3
Alexandre Corrêa,1
Alexandre Zanon,1
"
Robson Amorin",1
Victor Hugo Germano- @victorhg,1
Alan,1
Reinaldo,1
Fausto Blanco,2
Keilla Menezes,1
Victoria Cunha,5
Cristiano Carvalho,6
Luísa Granato,1
Roberta Arcoverde,1
Lucas Coelho,5
Victor Perin,2
Sérgio Prates,6
Nickolas Kotaka,1
Andrea Longarini,3
Sérgio Prates- @sergiopratess,2
Gustavo Coelho,10
Diego Nogare,6
Guilherme Costi,1
Gustavo Coelho- @gu_coelho,1
Mauro Guardarini,2
Pedro Torres,3
Daniele Mingatos,1
Joyce Bevilacqua,1
Luiz Strobelt,4
Vitor Spadaccio,1
Barbara,2
Giovanna Saggiomo,1
Camila Ramos da Silva,1
Samanta Cicilia,1
Raphael Albino,1
Kaio Leal,1
Luiz Rodrigues,1
Henrique Imbertti,1
Luccas Teles,1
Marcela Carvalho,4
Luiza Passos,5
Guilherme Porto,3
Ana Carolina,1
Claudio Kerber,3
Jaque,2
Victoria,1
Robson,1
Andréa,1
Dani,1
Luiza,1
Mauro,1
Barbara de Oliveira,1
Bruno Bender,18
Lucas bertin,1
Daniela,1
Renata,1
Bruno Borges,2
Ricardo Ferreira,1
Sergio Prates,1
Caio Correa,3
Rafael Delboni @rafaeldelboni,2
Pedro Manuel Torres,2
Keoma Pacheco,1
Luiz Perez,1
Orlando Mariano,1
"
Ruy Lacerda",1
"
Rafael Gonçalves",1
Gabriel Giovanini,1
William Barbosa,1
Victor Spadacio,1
Caio Amaral,2
Caio Amaral Corrêa,3
Rodrigo Ramos,2
Robison Amorim,1
Daniela Rocha,3
Miguel Soares,1
Roberta Nunes,6
Lazaro Fernandes Lima Suleiman,14
Thiago Kuma,1
Orlando Gomes,3
Andréa Longarini,1
Amarilis Camargo,3
Lazaro Fernandes Lima Suleiman @lazarofl,1
Graziella Bonizi,6
Guilherme Rambo,1
Emmanuel Gomes Brandão,2
Vanderlei da Silva Franco,1
Leticia Kawakami,1
Talita Freire,1
Adeildo José de Oliveira,1
Gustavo Fontes,3
Bruno Passos,3
Marcio Rezende,2
Erica Briones,3
Camila Britto,1
Vinicius Quaiato,19
Vanessa D’Aguiar,2
Juliana Fideles,1
Henrique Oliveira,3
Lazaro Fernandes,2
Mahmud Ali,1
Evilázaro Alves,2
Giovani Bassi,1
Eduardo Escobar,5
Juliano Alves,2
Reinaldo Opice,1
Emmanuel Bradão,1
Lázaro Fernandes,3
Elemar Jr,1
Thuany Serpa,4
Vinicius Cavalcante,2
Roberta,1
Cristiano,1
José Roberto,1
Wennder Santos,9
José Roberto Araujo,1
Thiago Holder,13
Abner das Dores,5
Vanessa Noland,2
Charles Mendes,1
Guilherme Estevão,1
Thiaho Holder,1
Leandro Leite,1
Jose Roberto Araújo,1
Ana Paula,1
Bruno Tavares,1
Geraldo Barros,1
Leonardo Yvens,1
Alda Rocha,1
Ana Paula Maia,2
Camila Narche,1
William Alves,1
Alexandre Sêneda,1
Paulo Fernando Vieira Jr.,1
Aline Freitas,2
Luciano Ramalho,1
Vinícius Cavalcante,1
Vitor Cavalcante,1
Maher Musleh,2
Heber Pereira,3
Jose Roberto,1
Lais Akamine,1
Mariana Bravo,1
Alex Giannotti,2
Alex,9
Mari,1
Pri Bertucci,3
André Machado,2
Amiel Vieira,1
Laerte Coutinho,1
Maria Eugênia,1
Carla,1
Neto Marin,1
Gerson Dias,3
Edgar Maia,1
Carlos Rosembergue,2
Danilo Cursino,1
Dennis Ramos,1
Felipe Faverani,1
Gabriela Pilegi,1
Marcela Carvalho,1
Roberto Rodrigues,1
Gabriela Ibata,3
João Bruno,1
João Marcelo,1
Brandão,1
Ansumane Sambu,1
Carine Nascimento,1
Leandro Leite (Man),2
Emmanuel Brandão- @egomesbrandao,1
Heber Ortiz- @heberortiz,1
Arthur Fücher,1
Marcelo Leite,1
Alexandre Costa,1
Malu Dini,3
Annelise Gripp,2
Juliano Sales,1
Aline Koroglouyan,1
Evilázaro Álves,1
Jefferson,1
Nicolas Takashi,4
Alexandre Chohfi,4
Fernanda Saraiva,1
Erika,1
Fábio Herbert,1
Emmanuel  Brandão,1
Abner da Dores- @abnerdasdores,1
José Barbosa (a.k.a. Kide),1
Alexandre Chohfi @alexandrechohfi,1
Mahmoud Ali @akamud,1
Roberto Rodrigues @robertolmr,1
Vinicius Quaiato @vquaiato,1
Victor Cavalcante @vcavalcante,1
Alexandre Chohfi @alexandrechohfi,1
Leandro Leite @lleitep3,3
Giovanni Bassi @giovannibassi,5
Lazaro Lima @lazarofl,1
Erika Lima @erikalvnova,1
Fábio Herbert @faherbert,1
Mahmoud Ali @akamud,5
Vanessa Me Tonini @vanessametonini,1
Vinicius Quaiato @vquaiato,3
Victor Cavalcante @vcavalcante,1
Heber Ortiz Pereira @heberortiz,2
Nicolas Takashi @ntakashics,1
Victor Hugo Germano @victorhg,1
Lazaro F Lima @lazarofl,1
